{"cameraMode":{"drawMode":0,"name":"Shaded","section":"Shading Mode"},"sceneLighting":false,"audioPlay":false,"sceneViewState":{"showFog":true,"showMaterialUpdate":false,"showSkybox":false,"showFlares":true,"showImageEffects":true,"showParticleSystems":true},"in2DMode":false,"pivot":{"x":1.5479999780654908,"y":2.5690383911132814,"z":-1.1175870895385743e-8},"rotation":{"x":0.18546730279922486,"y":-0.34911060333251955,"z":0.07069648802280426,"w":0.9158304333686829},"size":0.45237383246421816,"orthographic":true}