{"cameraMode":{"drawMode":0,"name":"Shaded","section":"Shading Mode"},"sceneLighting":false,"audioPlay":false,"sceneViewState":{"showFog":true,"showMaterialUpdate":false,"showSkybox":false,"showFlares":true,"showImageEffects":true,"showParticleSystems":true},"in2DMode":false,"pivot":{"x":0.4385148882865906,"y":1.5867528915405274,"z":-0.6499999761581421},"rotation":{"x":0.1882915496826172,"y":-0.5074911117553711,"z":0.11471674591302872,"w":0.8329811096191406},"size":1.1228348016738892,"orthographic":true}