{"cameraMode":{"drawMode":0,"name":"Shaded","section":"Shading Mode"},"sceneLighting":true,"audioPlay":false,"sceneViewState":{"showFog":true,"showMaterialUpdate":false,"showSkybox":true,"showFlares":true,"showImageEffects":true,"showParticleSystems":true},"in2DMode":false,"pivot":{"x":-2.5448246002197267,"y":0.9523975849151611,"z":-1.0805952548980713},"rotation":{"x":0.3192972242832184,"y":0.3747689127922058,"z":-0.13927975296974183,"w":0.859195351600647},"size":11.177528381347657,"orthographic":true}