{"cameraMode":{"drawMode":0,"name":"Shaded","section":"Shading Mode"},"sceneLighting":true,"audioPlay":false,"sceneViewState":{"showFog":true,"showMaterialUpdate":false,"showSkybox":true,"showFlares":true,"showImageEffects":true,"showParticleSystems":true},"in2DMode":false,"pivot":{"x":0.8833825588226318,"y":2.0416674613952638,"z":-1.2848999500274659},"rotation":{"x":0.46887660026550295,"y":-0.2656811475753784,"z":0.15029186010360719,"w":0.8288565278053284},"size":6.480127334594727,"orthographic":true}