{"cameraMode":{"drawMode":0,"name":"Shaded","section":"Shading Mode"},"sceneLighting":true,"audioPlay":false,"sceneViewState":{"showFog":true,"showMaterialUpdate":false,"showSkybox":true,"showFlares":true,"showImageEffects":true,"showParticleSystems":true},"in2DMode":false,"pivot":{"x":-2.8243227005004885,"y":2.634143829345703,"z":-5.065399169921875},"rotation":{"x":0.18546730279922486,"y":-0.34911060333251955,"z":0.07069648802280426,"w":0.9158304333686829},"size":10.572665214538575,"orthographic":true}