{"cameraMode":{"drawMode":0,"name":"Shaded","section":"Shading Mode"},"sceneLighting":false,"audioPlay":false,"sceneViewState":{"showFog":true,"showMaterialUpdate":false,"showSkybox":false,"showFlares":true,"showImageEffects":true,"showParticleSystems":true},"in2DMode":false,"pivot":{"x":1.1799999475479127,"y":1.100000023841858,"z":0.029999911785125734},"rotation":{"x":0.009950456209480763,"y":-0.6933308839797974,"z":0.00957474298775196,"w":0.7204912900924683},"size":2.858276128768921,"orthographic":false}