{"cameraMode":{"drawMode":0,"name":"Shaded","section":"Shading Mode"},"sceneLighting":true,"audioPlay":false,"sceneViewState":{"showFog":true,"showMaterialUpdate":false,"showSkybox":true,"showFlares":true,"showImageEffects":true,"showParticleSystems":true},"in2DMode":false,"pivot":{"x":-0.8043971061706543,"y":2.990359306335449,"z":-0.0818185806274414},"rotation":{"x":0.24527713656425477,"y":0.4302084743976593,"z":-0.1226932480931282,"w":0.8600729703903198},"size":10.151811599731446,"orthographic":true}